Which track are you currently in,Scikitlearn,PowerBI,Unity,MySQL,Blender,MongoDB,Imagine youre working on a team project Which role would you be most excited to take on,Creating interactive 3D animations and simulations to engage students,Integrating intelligent techniques for personalized learning and adaptive content delivery,Learn about different ML models and implement them using numpypandas scikitlearn or tensorflow libraries to tune the model,Learn about different techniques to create a handson database project from analyzing requirements designing and implementing database system,Learn about various techniques used to test software to ensure correctness and quality,Learn about SCM CRM and decision support system and business intelligent BI systems,Implement lowlevel 3D graphics to simulate vertices modelviewprojection matrix and lightning using OpenGL with CC language,Create handson software project stepbystep analyzing requirements creating diagrams and implementing software with design rules,Analyzing the business requirements and defining the system architecture,Implementing efficient algorithms and data structures to optimize the systems performance,Integrating the system with databases business intelligence tools and data analytics,FullStack Web Developer Design and develop both frontend and backend components of web  applications implement efficient algorithms and data structures ensure  software quality through testi,Data Engineer Design and manage database systems implement data warehousing  and data mining solutions develop intelligent systems for pattern  recognition and knowledge management,3D Animator Create 3D animations and visual effects for movies games or  multimedia applications develop computer graphics and character  animations optimize rendering performance,Business Intelligence Consultant Analyze business processes and requirements implement ebusiness  platforms and customer relationship management systems develop  decision support and business,IT Project Manager Manage IT projects and resources within an organization analyze  and design business processes implement decision support and business  intelligence solutions ensure project,Machine Learning Engineer Develop and deploy machine learning models implement efficient  algorithms and data structures apply computer science theories to solve  complex problems work on mach
DB - Database and Intelligent System,2,4,2,4,4,4,Analyzing complex datasets to uncover meaningful insights and patterns,4,3,3,4,2,3,3,3,3,3,3,4,3,2,3,2,2
MM - Multimedia Systems,1,1,3,1,4,1,"Managing the project timeline, requirements, and stakeholder communication",4,2,4,2,3,3,4,2,4,2,2,1,1,4,4,3,1
CS - Computer Science,3,1,4,3,4,3,Coding the core software components and optimizing their performance,3,4,3,3,3,4,4,2,3,3,3,4,3,4,3,2,3
SE - Software Engineering,2,2,1,3,2,3,"Managing the project timeline, requirements, and stakeholder communication",3,3,3,3,3,4,1,3,4,2,4,2,3,1,4,4,1
MM - Multimedia Systems,1,1,4,2,3,2,Coding the core software components and optimizing their performance,4,2,2,2,4,1,4,2,2,1,1,2,2,3,1,3,2
DB - Database and Intelligent System,1,4,3,4,2,4,Analyzing complex datasets to uncover meaningful insights and patterns,3,4,3,4,3,3,3,4,4,4,4,3,4,2,2,3,4
SE - Software Engineering,1,1,2,4,1,1,"Managing the project timeline, requirements, and stakeholder communication",1,1,1,4,4,4,1,4,4,4,4,2,3,1,4,4,1
SE - Software Engineering,1,2,3,4,3,3,Evaluating the system architecture and identifying potential vulnerabilities,3,3,2,2,4,2,2,4,4,3,4,3,4,2,2,4,4
CS - Computer Science,2,2,2,4,3,2,"Managing the project timeline, requirements, and stakeholder communication",3,3,3,3,4,3,3,3,3,3,3,3,3,3,3,3,3
CS - Computer Science,4,1,1,3,1,2,Coding the core software components and optimizing their performance,2,2,3,3,3,1,1,2,1,2,2,3,3,2,1,1,4
DB - Database and Intelligent System,4,4,1,4,1,4,Analyzing complex datasets to uncover meaningful insights and patterns,1,4,4,3,1,3,1,3,3,2,4,1,4,1,3,2,4
CS - Computer Science,3,2,3,3,3,3,Coding the core software components and optimizing their performance,3,3,4,3,3,2,2,2,3,3,1,2,3,3,2,3,3
DB - Database and Intelligent System,1,4,2,4,2,4,Analyzing complex datasets to uncover meaningful insights and patterns,3,3,4,4,4,4,1,3,4,3,4,1,4,4,4,4,3
CS - Computer Science,3,3,3,3,4,3,Evaluating the system architecture and identifying potential vulnerabilities,4,3,4,3,4,2,3,4,4,3,4,3,3,3,3,3,2
MM - Multimedia Systems,1,1,4,2,4,1,"Managing the project timeline, requirements, and stakeholder communication",4,3,2,1,1,1,3,1,1,1,1,2,2,4,1,1,1
CS - Computer Science,4,1,4,4,4,3,Coding the core software components and optimizing their performance,4,4,4,4,2,1,3,2,2,2,2,2,3,3,1,4,4
CS - Computer Science,3,2,3,4,2,3,Evaluating the system architecture and identifying potential vulnerabilities,3,4,4,4,3,2,2,2,3,3,3,2,3,2,3,3,3
SE - Software Engineering,2,3,4,4,4,3,Analyzing complex datasets to uncover meaningful insights and patterns,4,3,3,3,3,3,3,3,3,3,3,4,3,4,4,3,3
MM - Multimedia Systems,2,2,4,3,4,2,Evaluating the system architecture and identifying potential vulnerabilities,4,2,3,3,3,3,4,3,3,3,3,3,3,4,3,3,3
DB - Database and Intelligent System,1,3,1,3,4,3,"Managing the project timeline, requirements, and stakeholder communication",4,4,3,3,4,3,2,4,3,2,3,1,2,3,3,4,1
SE - Software Engineering,1,1,4,4,3,2,Evaluating the system architecture and identifying potential vulnerabilities,3,4,3,3,4,2,3,4,4,4,3,4,1,3,4,4,3
MM - Multimedia Systems,1,1,4,3,4,3,Evaluating the system architecture and identifying potential vulnerabilities,4,3,3,2,2,1,4,3,3,3,2,3,2,4,2,3,4
SE - Software Engineering,1,1,1,4,2,2,Evaluating the system architecture and identifying potential vulnerabilities,4,3,2,3,4,1,1,4,4,3,4,4,3,3,1,4,3
MM - Multimedia Systems,1,1,4,3,4,2,"Managing the project timeline, requirements, and stakeholder communication",4,4,2,2,4,4,4,2,4,3,2,3,2,4,3,4,3
DB - Database and Intelligent System,1,2,3,4,2,2,Analyzing complex datasets to uncover meaningful insights and patterns,4,3,3,4,2,4,3,2,3,3,4,3,3,2,3,2,2
CS - Computer Science,1,1,3,4,2,2,Coding the core software components and optimizing their performance,2,2,4,4,1,1,1,1,2,4,3,4,4,1,1,1,4
DB - Database and Intelligent System,1,4,1,4,1,2,Coding the core software components and optimizing their performance,2,4,4,4,4,4,4,4,3,3,3,4,4,4,4,4,4
CS - Computer Science,2,1,4,3,1,2,Coding the core software components and optimizing their performance,4,4,4,4,3,2,4,1,2,4,3,4,4,4,2,2,3
SE - Software Engineering,2,3,3,4,1,2,"Managing the project timeline, requirements, and stakeholder communication",1,4,3,3,4,3,1,3,4,1,3,1,1,1,2,3,2
CS - Computer Science,4,1,4,3,3,4,Coding the core software components and optimizing their performance,3,4,4,3,3,2,4,2,2,4,4,4,3,2,1,2,4
CS - Computer Science,2,2,2,2,2,3,Coding the core software components and optimizing their performance,4,3,4,3,4,4,4,3,4,3,3,4,4,3,2,3,4
CS - Computer Science,3,2,1,4,2,4,Coding the core software components and optimizing their performance,2,3,4,4,4,3,2,3,4,4,3,4,4,2,2,3,4
CS - Computer Science,3,1,2,3,1,2,Evaluating the system architecture and identifying potential vulnerabilities,1,3,4,3,3,1,1,1,2,3,3,2,3,1,1,1,3
DB - Database and Intelligent System,1,3,2,4,1,4,Analyzing complex datasets to uncover meaningful insights and patterns,3,1,4,4,2,3,2,2,4,2,4,2,4,1,4,2,2
MM - Multimedia Systems,2,1,4,3,4,3,Coding the core software components and optimizing their performance,4,3,1,3,3,2,4,2,2,3,2,3,3,4,2,1,3
CS - Computer Science,3,3,3,3,3,3,Coding the core software components and optimizing their performance,3,3,3,3,2,2,2,3,2,3,3,3,2,2,2,3,3
MM - Multimedia Systems,1,1,4,4,4,1,Evaluating the system architecture and identifying potential vulnerabilities,4,4,4,4,4,4,4,4,2,2,4,1,1,4,4,4,4
DB - Database and Intelligent System,2,1,2,4,1,4,Analyzing complex datasets to uncover meaningful insights and patterns,3,3,4,4,3,2,1,2,3,4,4,4,4,1,1,3,3
CS - Computer Science,4,3,4,4,3,4,Analyzing complex datasets to uncover meaningful insights and patterns,3,4,4,4,4,4,4,4,4,4,4,3,4,2,4,3,4
DB - Database and Intelligent System,1,2,1,4,4,4,Analyzing complex datasets to uncover meaningful insights and patterns,4,2,2,4,1,2,4,2,2,1,3,1,3,4,2,3,1
SE - Software Engineering,2,1,1,4,1,2,Coding the core software components and optimizing their performance,1,3,2,2,4,2,1,4,4,4,3,4,3,1,3,3,2
CS - Computer Science,4,4,1,3,1,1,Coding the core software components and optimizing their performance,1,1,4,4,4,2,1,1,4,4,4,3,3,1,3,2,4
CS - Computer Science,4,1,4,4,4,3,Coding the core software components and optimizing their performance,4,4,4,3,4,1,4,1,1,4,3,4,3,4,1,2,4
SE - Software Engineering,1,1,1,3,1,3,Coding the core software components and optimizing their performance,2,2,2,3,3,2,1,2,2,2,2,2,2,1,1,2,2
DB - Database and Intelligent System,2,4,1,4,1,4,Evaluating the system architecture and identifying potential vulnerabilities,1,4,4,4,3,2,1,2,3,4,4,3,4,2,3,3,3
CS - Computer Science,3,2,3,3,4,2,Coding the core software components and optimizing their performance,3,4,3,2,3,2,3,3,3,3,3,2,2,3,3,3,4
