Which track are you currently in,HTMLCSSJS,Scikitlearn,Git,Odoo,PowerBI,NumpyPandas,Cisco Packet Tracer,Unity,MySQL,Blender,ArduinoRaspberry Pi,MongoDB,Imagine you have a large dataset with millions of customer records What aspects of working with that data most appeal to you,A healthcare organization has approached your team to create a new digital health application Which of the following would you be most interested to contribute to,Imagine youre working on a team project Which role would you be most excited to take on,Assuming that youre working for a game industry which of the following careers do you most prefer based on your interests and skills,A healthcare organization has approached your team to create a new digital health application Which of the following would you be most interested to contribute to2,Which of the following concepts do you prefer to gain understandings from,Creating interactive 3D animations and simulations to engage students,Implementing network infrastructure and communication protocols for content delivery,Integrating intelligent techniques for personalized learning and adaptive content delivery,Implementing ecommerce and business intelligence features for monetization and analytics,Learn about different ML models and implement them using numpypandas scikitlearn or tensorflow libraries to tune the model,Learn about different advanced data structures and algorithms eg graph tree and understand them using mathematical analysis,Learn about different techniques to create a handson database project from analyzing requirements designing and implementing database system,Learn about various techniques used to test software to ensure correctness and quality,Learn about SCM CRM and decision support system and business intelligent BI systems,Learn about healthcare information standards to allows communication of electronic health records among different facilities,Implement lowlevel 3D graphics to simulate vertices modelviewprojection matrix and lightning using OpenGL with CC language,Create handson software project stepbystep analyzing requirements creating diagrams and implementing software with design rules,Implement network infrastructure and communication protocols for certain types of systems,Implement program that controls microcontroller eg Arduino and Raspberry Pi to perform automated tasks according to temperature and light sensors via network,Analyzing the business requirements and defining the system architecture,Implementing efficient algorithms and data structures to optimize the systems performance,Ensuring the systems security and reliability through testing and quality assurance,Integrating the system with databases business intelligence tools and data analytics,FullStack Web Developer Design and develop both frontend and backend components of web  applications implement efficient algorithms and data structures ensure  software quality through testi,Data Engineer Design and manage database systems implement data warehousing  and data mining solutions develop intelligent systems for pattern  recognition and knowledge management,Network Administrator Configure and maintain computer networks manage network  infrastructure and security troubleshoot network issues develop  network automation scripts,3D Animator Create 3D animations and visual effects for movies games or  multimedia applications develop computer graphics and character  animations optimize rendering performance,Business Intelligence Consultant Analyze business processes and requirements implement ebusiness  platforms and customer relationship management systems develop  decision support and business,Healthcare Information Systems Specialist Develop and implement healthcare information systems integrate  electronic health records and clinical information systems ensure  compliance with heal,IT Project Manager Manage IT projects and resources within an organization analyze  and design business processes implement decision support and business  intelligence solutions ensure project,Machine Learning Engineer Develop and deploy machine learning models implement efficient  algorithms and data structures apply computer science theories to solve  complex problems work on mach,track_rank1,track_rank2,track_rank3,track_rank4,track_rank5,track_rank6,track_rank7,track_rank8,subj_rank1,subj_rank2,subj_rank3,subj_rank4,subj_rank5,subj_rank6,subj_rank7,subj_rank8
MM - Multimedia Systems,1,1,2,1,1,2,2,4,2,3,1,2,Designing the database schema and infrastructure to store the data,Ensuring compliance with healthcare information standards requirements,Coding the core software components and optimizing their performance,Game QA tester,Developing software components according the requirements,Learn about organization IT infrastructure and how to manage it.,4,1,2,1,2,3,2,4,1,1,4,2,1,1,2,1,1,1,2,2,1,3,1,1,3,2,MM - Multimedia Systems,CS - Computer Science,SE - Software Engineering,DB - Database and Intelligent System,CN - Computer Networks,MS - Management Information Systems,EB - Electronic Business Systems,HT - Health Information Technology,Introduction to Multimedia Systems,Introduction to Software Engineering,Artificial Intelligence,Information Retrieval,Data Structures and Algorithms,Database Management System,Computer Data Communication,Introduction to Web Programming
EB - Electronic Business Systems,2,2,2,3,2,2,2,3,2,2,3,3,Developing predictive models to forecast customer behavior,Developing data analytics and predictive models,Analyzing complex datasets to uncover meaningful insights and patterns,Game QA tester,Ensuring that application is secured and safe from cyber threats,Learn about organization IT infrastructure and how to manage it.,4,3,3,4,2,2,3,3,3,3,3,2,2,2,3,2,2,3,2,2,2,3,3,3,3,2,EB - Electronic Business Systems,MM - Multimedia Systems,HT - Health Information Technology,MS - Management Information Systems,SE - Software Engineering,CN - Computer Networks,CS - Computer Science,DB - Database and Intelligent System,Introduction to Multimedia Systems,Introduction to E-business Systems,Management Information Systems,Information Retrieval,Computer Data Communication,Artificial Intelligence,Introduction to Web Programming,Database Management System
MS - Management Information Systems,2,4,3,4,4,4,4,4,3,2,4,3,Developing predictive models to forecast customer behavior,Ensuring compliance with healthcare information standards requirements,Evaluating the system architecture and identifying potential vulnerabilities,Game QA tester,Ensuring compliance with healthcare information standards requirements,Learn about organization IT infrastructure and how to manage it.,1,2,4,4,2,2,2,3,3,1,2,2,2,3,4,4,4,4,1,2,2,1,3,1,4,2,MS - Management Information Systems,EB - Electronic Business Systems,CS - Computer Science,DB - Database and Intelligent System,SE - Software Engineering,MM - Multimedia Systems,CN - Computer Networks,HT - Health Information Technology,Artificial Intelligence,Management Information Systems,Introduction to Software Engineering,Introduction to Web Programming,Data Structures and Algorithms,Database Management System,Information Retrieval,Introduction to E-business Systems
MM - Multimedia Systems,2,1,2,1,1,2,2,4,2,4,1,1,Designing the database schema and infrastructure to store the data,Ensuring compliance with healthcare information standards requirements,"Managing the project timeline, requirements, and stakeholder communication",3D animator/modeller,Ensuring that application is secured and safe from cyber threats,Learn about organization IT infrastructure and how to manage it.,4,3,3,3,2,3,1,1,1,1,3,1,2,2,1,1,1,1,2,2,2,4,1,1,1,1,MM - Multimedia Systems,CS - Computer Science,SE - Software Engineering,CN - Computer Networks,DB - Database and Intelligent System,EB - Electronic Business Systems,MS - Management Information Systems,HT - Health Information Technology,Introduction to Multimedia Systems,Artificial Intelligence,Computer Data Communication,Introduction to Software Engineering,Information Retrieval,Data Structures and Algorithms,Introduction to E-business Systems,Introduction to Web Programming
MM - Multimedia Systems,2,1,3,2,1,4,3,4,3,4,3,2,Developing predictive models to forecast customer behavior,Ensuring compliance with healthcare information standards requirements,"Managing the project timeline, requirements, and stakeholder communication",3D animator/modeller,Ensuring compliance with healthcare information standards requirements,"Learn about SCM, CRM, and decision support system and business intelligent (BI) systems.",4,3,4,4,2,3,2,4,4,3,4,2,1,3,4,3,2,2,3,2,1,4,3,3,4,3,MM - Multimedia Systems,CS - Computer Science,MS - Management Information Systems,EB - Electronic Business Systems,HT - Health Information Technology,DB - Database and Intelligent System,SE - Software Engineering,CN - Computer Networks,Introduction to Multimedia Systems,Introduction to E-business Systems,Management Information Systems,Computer Data Communication,Introduction to Software Engineering,Database Management System,Data Structures and Algorithms,Introduction to Web Programming
HT - Health Information Technology,2,2,2,2,2,2,2,2,2,2,2,2,Designing the database schema and infrastructure to store the data,Ensuring compliance with healthcare information standards requirements,Evaluating the system architecture and identifying potential vulnerabilities,3D animator/modeller,Ensuring compliance with healthcare information standards requirements,Learn about organization IT infrastructure and how to manage it.,4,3,3,2,2,2,2,3,2,2,4,2,2,2,2,2,2,2,1,3,2,3,1,4,1,2,HT - Health Information Technology,MM - Multimedia Systems,SE - Software Engineering,CS - Computer Science,MS - Management Information Systems,CN - Computer Networks,DB - Database and Intelligent System,EB - Electronic Business Systems,Introduction to Multimedia Systems,Management Information Systems,Computer Data Communication,Introduction to Software Engineering,Introduction to Web Programming,Information Retrieval,Data Structures and Algorithms,Introduction to E-business Systems
MM - Multimedia Systems,2,1,4,1,1,1,1,4,4,4,1,1,Developing predictive models to forecast customer behavior,Developing data analytics and predictive models,Evaluating the system architecture and identifying potential vulnerabilities,3D animator/modeller,Ensuring that application is secured and safe from cyber threats,Learn about organization IT infrastructure and how to manage it.,4,4,4,4,4,4,4,4,4,4,4,4,4,4,2,2,4,4,1,1,4,4,4,4,4,4,MM - Multimedia Systems,EB - Electronic Business Systems,SE - Software Engineering,CN - Computer Networks,DB - Database and Intelligent System,HT - Health Information Technology,CS - Computer Science,MS - Management Information Systems,Management Information Systems,Introduction to E-business Systems,Introduction to Multimedia Systems,Database Management System,Data Structures and Algorithms,Introduction to Software Engineering,Introduction to Web Programming,Computer Data Communication
DB - Database and Intelligent System,2,1,1,4,2,3,1,1,4,4,4,4,Developing predictive models to forecast customer behavior,Developing data analytics and predictive models,Analyzing complex datasets to uncover meaningful insights and patterns,3D animator/modeller,Designing the database schema and infrastructure to store the data,"Learn about SCM, CRM, and decision support system and business intelligent (BI) systems.",4,1,2,2,2,3,4,1,2,2,4,2,1,1,2,1,1,3,1,3,1,4,2,3,3,1,DB - Database and Intelligent System,MM - Multimedia Systems,HT - Health Information Technology,MS - Management Information Systems,EB - Electronic Business Systems,CS - Computer Science,SE - Software Engineering,CN - Computer Networks,Management Information Systems,Database Management System,Introduction to E-business Systems,Introduction to Multimedia Systems,Introduction to Software Engineering,Introduction to Web Programming,Information Retrieval,Artificial Intelligence
SE - Software Engineering,3,1,1,1,1,3,2,2,4,1,1,1,Designing the database schema and infrastructure to store the data,Ensuring compliance with healthcare information standards requirements,"Managing the project timeline, requirements, and stakeholder communication",3D animator/modeller,Developing data analytics and predictive models,"Learn about SCM, CRM, and decision support system and business intelligent (BI) systems.",1,1,1,4,1,4,4,4,4,1,1,4,1,1,4,4,4,4,2,3,1,1,4,1,4,1,SE - Software Engineering,DB - Database and Intelligent System,CS - Computer Science,MS - Management Information Systems,EB - Electronic Business Systems,MM - Multimedia Systems,HT - Health Information Technology,CN - Computer Networks,Information Retrieval,Data Structures and Algorithms,Introduction to Web Programming,Introduction to Software Engineering,Database Management System,Introduction to E-business Systems,Computer Data Communication,Artificial Intelligence
CS - Computer Science,3,3,3,2,2,3,2,3,3,3,3,3,Developing predictive models to forecast customer behavior,Developing data analytics and predictive models,Coding the core software components and optimizing their performance,3D animator/modeller,Developing software components according the requirements,"Learn about SCM, CRM, and decision support system and business intelligent (BI) systems.",3,3,3,2,4,4,3,3,2,1,2,2,2,2,3,3,2,1,2,3,2,3,2,1,3,3,CS - Computer Science,SE - Software Engineering,DB - Database and Intelligent System,CN - Computer Networks,MM - Multimedia Systems,MS - Management Information Systems,EB - Electronic Business Systems,HT - Health Information Technology,Introduction to Software Engineering,Database Management System,Artificial Intelligence,Data Structures and Algorithms,Computer Data Communication,Introduction to Multimedia Systems,Information Retrieval,Introduction to Web Programming
DB - Database and Intelligent System,3,1,2,3,4,3,1,2,4,2,1,4,Developing predictive models to forecast customer behavior,Developing data analytics and predictive models,Analyzing complex datasets to uncover meaningful insights and patterns,Business Analyst,Designing the database schema and infrastructure to store the data,"Learn about SCM, CRM, and decision support system and business intelligent (BI) systems.",3,3,3,4,4,4,4,4,4,1,1,3,2,1,4,3,3,4,1,4,1,4,4,1,4,3,DB - Database and Intelligent System,SE - Software Engineering,MM - Multimedia Systems,EB - Electronic Business Systems,MS - Management Information Systems,HT - Health Information Technology,CS - Computer Science,CN - Computer Networks,Database Management System,Artificial Intelligence,Introduction to Software Engineering,Introduction to Web Programming,Information Retrieval,Introduction to Multimedia Systems,Management Information Systems,Introduction to E-business Systems
MM - Multimedia Systems,3,2,2,2,2,3,3,4,3,4,3,2,Developing predictive models to forecast customer behavior,Developing data analytics and predictive models,Evaluating the system architecture and identifying potential vulnerabilities,Game QA tester,Developing data analytics and predictive models,"Learn about SCM, CRM, and decision support system and business intelligent (BI) systems.",4,3,2,2,3,3,3,3,3,3,4,3,3,3,3,3,3,3,3,3,3,4,3,3,3,3,MM - Multimedia Systems,DB - Database and Intelligent System,CN - Computer Networks,MS - Management Information Systems,SE - Software Engineering,CS - Computer Science,EB - Electronic Business Systems,HT - Health Information Technology,Introduction to Multimedia Systems,Artificial Intelligence,Introduction to Web Programming,Computer Data Communication,Data Structures and Algorithms,Introduction to E-business Systems,Information Retrieval,Management Information Systems
DB - Database and Intelligent System,3,1,2,2,3,3,2,1,3,4,3,3,Designing the database schema and infrastructure to store the data,Developing data analytics and predictive models,"Managing the project timeline, requirements, and stakeholder communication",Business Analyst,Ensuring that application is secured and safe from cyber threats,"Learn about SCM, CRM, and decision support system and business intelligent (BI) systems.",4,3,4,2,3,4,3,4,3,3,2,4,3,2,3,2,3,3,1,2,2,3,3,3,4,1,DB - Database and Intelligent System,MM - Multimedia Systems,HT - Health Information Technology,CS - Computer Science,MS - Management Information Systems,SE - Software Engineering,EB - Electronic Business Systems,CN - Computer Networks,Database Management System,Artificial Intelligence,Introduction to Web Programming,Data Structures and Algorithms,Computer Data Communication,Information Retrieval,Introduction to Multimedia Systems,Management Information Systems
MM - Multimedia Systems,3,1,2,1,1,2,2,4,3,4,1,3,Developing predictive models to forecast customer behavior,Ensuring compliance with healthcare information standards requirements,Evaluating the system architecture and identifying potential vulnerabilities,3D animator/modeller,Developing software components according the requirements,"Learn about SCM, CRM, and decision support system and business intelligent (BI) systems.",4,2,3,1,3,3,2,2,1,1,4,3,2,2,3,3,2,2,3,2,1,4,2,2,3,4,MM - Multimedia Systems,CS - Computer Science,SE - Software Engineering,EB - Electronic Business Systems,CN - Computer Networks,DB - Database and Intelligent System,HT - Health Information Technology,MS - Management Information Systems,Introduction to Multimedia Systems,Artificial Intelligence,Data Structures and Algorithms,Introduction to Software Engineering,Database Management System,Computer Data Communication,Introduction to E-business Systems,Introduction to Web Programming
SE - Software Engineering,3,2,4,3,3,3,2,3,4,1,1,2,Developing predictive models to forecast customer behavior,Developing data analytics and predictive models,"Managing the project timeline, requirements, and stakeholder communication",Game QA tester,Ensuring compliance with healthcare information standards requirements,"Learn about SCM, CRM, and decision support system and business intelligent (BI) systems.",1,2,4,4,3,2,3,4,3,2,1,3,1,1,4,1,2,3,1,1,1,1,2,2,3,2,SE - Software Engineering,DB - Database and Intelligent System,CS - Computer Science,EB - Electronic Business Systems,MS - Management Information Systems,HT - Health Information Technology,MM - Multimedia Systems,CN - Computer Networks,Introduction to Software Engineering,Database Management System,Data Structures and Algorithms,Introduction to Web Programming,Artificial Intelligence,Introduction to E-business Systems,Management Information Systems,Information Retrieval
CS - Computer Science,3,3,3,2,2,3,1,1,4,2,2,4,Developing predictive models to forecast customer behavior,Developing data analytics and predictive models,Coding the core software components and optimizing their performance,Game QA tester,Developing data analytics and predictive models,Learn about organization IT infrastructure and how to manage it.,2,2,3,3,4,4,4,4,3,2,2,3,1,3,4,4,2,3,4,4,1,2,2,2,3,4,CS - Computer Science,DB - Database and Intelligent System,SE - Software Engineering,MM - Multimedia Systems,HT - Health Information Technology,EB - Electronic Business Systems,MS - Management Information Systems,CN - Computer Networks,Artificial Intelligence,Database Management System,Information Retrieval,Introduction to Multimedia Systems,Data Structures and Algorithms,Introduction to Software Engineering,Computer Data Communication,Introduction to Web Programming
CS - Computer Science,3,3,2,1,1,3,3,2,3,1,4,2,Developing predictive models to forecast customer behavior,Ensuring compliance with healthcare information standards requirements,Evaluating the system architecture and identifying potential vulnerabilities,Game network engineer,Developing data analytics and predictive models,Learn about organization IT infrastructure and how to manage it.,1,3,3,2,4,3,3,3,1,1,1,1,2,4,2,3,2,3,2,3,3,1,1,1,1,3,CS - Computer Science,DB - Database and Intelligent System,CN - Computer Networks,HT - Health Information Technology,MS - Management Information Systems,EB - Electronic Business Systems,SE - Software Engineering,MM - Multimedia Systems,Data Structures and Algorithms,Database Management System,Computer Data Communication,Introduction to Web Programming,Artificial Intelligence,Information Retrieval,Introduction to E-business Systems,Management Information Systems
DB - Database and Intelligent System,3,1,1,3,3,2,1,2,4,1,1,4,Developing predictive models to forecast customer behavior,Ensuring compliance with healthcare information standards requirements,Analyzing complex datasets to uncover meaningful insights and patterns,Business Analyst,Developing data analytics and predictive models,"Learn about SCM, CRM, and decision support system and business intelligent (BI) systems.",3,1,1,4,4,3,4,2,3,2,2,2,1,1,4,2,1,4,2,4,1,1,4,1,2,2,DB - Database and Intelligent System,SE - Software Engineering,CS - Computer Science,EB - Electronic Business Systems,MM - Multimedia Systems,MS - Management Information Systems,HT - Health Information Technology,CN - Computer Networks,Database Management System,Introduction to Software Engineering,Introduction to E-business Systems,Introduction to Multimedia Systems,Data Structures and Algorithms,Artificial Intelligence,Introduction to Web Programming,Management Information Systems
MM - Multimedia Systems,3,2,4,1,1,2,3,4,3,4,3,3,Developing predictive models to forecast customer behavior,Ensuring compliance with healthcare information standards requirements,Coding the core software components and optimizing their performance,3D animator/modeller,Developing software components according the requirements,Learn about organization IT infrastructure and how to manage it.,4,3,3,2,1,4,3,3,2,3,4,2,3,3,2,3,4,2,3,3,2,4,2,2,1,3,MM - Multimedia Systems,CS - Computer Science,SE - Software Engineering,HT - Health Information Technology,DB - Database and Intelligent System,CN - Computer Networks,MS - Management Information Systems,EB - Electronic Business Systems,Introduction to Multimedia Systems,Computer Data Communication,Artificial Intelligence,Introduction to E-business Systems,Introduction to Software Engineering,Database Management System,Information Retrieval,Introduction to Web Programming
EB - Electronic Business Systems,3,1,1,1,1,2,2,1,3,1,2,1,Developing predictive models to forecast customer behavior,Ensuring compliance with healthcare information standards requirements,"Managing the project timeline, requirements, and stakeholder communication",Business Analyst,Ensuring compliance with healthcare information standards requirements,"Learn about SCM, CRM, and decision support system and business intelligent (BI) systems.",1,1,2,3,1,1,2,2,3,2,1,1,1,1,2,1,1,1,1,1,1,1,3,2,2,1,EB - Electronic Business Systems,MS - Management Information Systems,DB - Database and Intelligent System,SE - Software Engineering,MM - Multimedia Systems,HT - Health Information Technology,CN - Computer Networks,CS - Computer Science,Introduction to E-business Systems,Management Information Systems,Computer Data Communication,Introduction to Software Engineering,Database Management System,Data Structures and Algorithms,Introduction to Multimedia Systems,Artificial Intelligence
CS - Computer Science,3,4,4,1,3,4,3,4,4,3,3,4,Developing predictive models to forecast customer behavior,Developing data analytics and predictive models,Analyzing complex datasets to uncover meaningful insights and patterns,Business Analyst,Developing data analytics and predictive models,Learn about organization IT infrastructure and how to manage it.,3,3,4,4,4,4,4,4,4,4,4,4,3,3,4,4,4,4,3,4,2,2,4,3,3,4,CS - Computer Science,DB - Database and Intelligent System,EB - Electronic Business Systems,HT - Health Information Technology,MS - Management Information Systems,MM - Multimedia Systems,CN - Computer Networks,SE - Software Engineering,Artificial Intelligence,Database Management System,Introduction to Web Programming,Data Structures and Algorithms,Computer Data Communication,Introduction to Multimedia Systems,Introduction to E-business Systems,Introduction to Software Engineering
SE - Software Engineering,3,1,1,1,1,1,1,1,3,1,2,3,Developing predictive models to forecast customer behavior,Developing data analytics and predictive models,Coding the core software components and optimizing their performance,Game QA tester,Developing software components according the requirements,Learn about organization IT infrastructure and how to manage it.,2,2,2,2,2,2,3,3,2,1,1,2,1,2,2,2,2,2,2,2,1,1,1,1,2,2,SE - Software Engineering,DB - Database and Intelligent System,CS - Computer Science,MM - Multimedia Systems,CN - Computer Networks,MS - Management Information Systems,EB - Electronic Business Systems,HT - Health Information Technology,Introduction to Web Programming,Database Management System,Introduction to Software Engineering,Information Retrieval,Data Structures and Algorithms,Introduction to Multimedia Systems,Artificial Intelligence,Management Information Systems
EB - Electronic Business Systems,3,1,2,2,1,3,2,1,4,2,2,2,Developing predictive models to forecast customer behavior,Ensuring compliance with healthcare information standards requirements,Analyzing complex datasets to uncover meaningful insights and patterns,Game QA tester,Developing software components according the requirements,Learn about organization IT infrastructure and how to manage it.,1,1,1,4,2,2,3,3,3,3,1,1,2,1,2,3,2,3,3,3,2,1,4,3,4,2,SE - Software Engineering,EB - Electronic Business Systems,HT - Health Information Technology,DB - Database and Intelligent System,CS - Computer Science,CN - Computer Networks,MS - Management Information Systems,MM - Multimedia Systems,Introduction to E-business Systems,Database Management System,Management Information Systems,Introduction to Web Programming,Information Retrieval,Artificial Intelligence,Introduction to Software Engineering,Computer Data Communication
CS - Computer Science,3,3,3,2,2,3,2,3,3,4,2,2,Developing predictive models to forecast customer behavior,Developing data analytics and predictive models,Coding the core software components and optimizing their performance,Game QA tester,Developing software components according the requirements,Learn about organization IT infrastructure and how to manage it.,3,2,4,2,3,3,2,3,2,1,3,3,2,2,3,3,2,3,2,2,1,3,3,1,3,4,CS - Computer Science,SE - Software Engineering,MM - Multimedia Systems,EB - Electronic Business Systems,MS - Management Information Systems,DB - Database and Intelligent System,HT - Health Information Technology,CN - Computer Networks,Introduction to Software Engineering,Information Retrieval,Introduction to Web Programming,Introduction to E-business Systems,Database Management System,Management Information Systems,Data Structures and Algorithms,Artificial Intelligence
DB - Database and Intelligent System,4,2,2,4,4,3,3,2,4,4,1,4,Designing the database schema and infrastructure to store the data,Developing data analytics and predictive models,Analyzing complex datasets to uncover meaningful insights and patterns,3D animator/modeller,Developing data analytics and predictive models,"Learn about SCM, CRM, and decision support system and business intelligent (BI) systems.",4,2,3,3,3,3,4,2,3,1,3,3,1,1,3,3,3,3,4,3,1,2,3,2,2,2,DB - Database and Intelligent System,CS - Computer Science,MM - Multimedia Systems,SE - Software Engineering,MS - Management Information Systems,EB - Electronic Business Systems,HT - Health Information Technology,CN - Computer Networks,Database Management System,Artificial Intelligence,Data Structures and Algorithms,Introduction to Multimedia Systems,Introduction to Web Programming,Introduction to Software Engineering,Introduction to E-business Systems,Management Information Systems
EB - Electronic Business Systems,4,3,3,3,3,2,2,2,4,2,3,3,Designing the database schema and infrastructure to store the data,Developing data analytics and predictive models,Analyzing complex datasets to uncover meaningful insights and patterns,Game QA tester,Developing data analytics and predictive models,"Learn about SCM, CRM, and decision support system and business intelligent (BI) systems.",4,4,4,4,4,3,4,4,4,3,3,3,4,3,3,4,3,2,3,2,3,3,4,3,3,3,EB - Electronic Business Systems,HT - Health Information Technology,DB - Database and Intelligent System,MS - Management Information Systems,CS - Computer Science,CN - Computer Networks,SE - Software Engineering,MM - Multimedia Systems,Database Management System,Introduction to E-business Systems,Introduction to Web Programming,Introduction to Software Engineering,Management Information Systems,Introduction to Multimedia Systems,Computer Data Communication,Information Retrieval
MM - Multimedia Systems,4,1,2,4,1,4,1,3,1,4,1,1,Developing predictive models to forecast customer behavior,Ensuring compliance with healthcare information standards requirements,"Managing the project timeline, requirements, and stakeholder communication",3D animator/modeller,Ensuring compliance with healthcare information standards requirements,Learn about organization IT infrastructure and how to manage it.,4,1,2,4,4,2,2,3,3,1,4,2,1,1,4,2,1,2,1,1,1,4,4,1,3,1,MM - Multimedia Systems,SE - Software Engineering,EB - Electronic Business Systems,MS - Management Information Systems,CS - Computer Science,DB - Database and Intelligent System,HT - Health Information Technology,CN - Computer Networks,Introduction to Web Programming,Introduction to Multimedia Systems,Introduction to Software Engineering,Introduction to E-business Systems,Management Information Systems,Data Structures and Algorithms,Computer Data Communication,Artificial Intelligence
CS - Computer Science,4,3,3,3,1,2,1,4,3,4,3,3,Developing predictive models to forecast customer behavior,Developing data analytics and predictive models,Coding the core software components and optimizing their performance,3D animator/modeller,Developing software components according the requirements,Learn about organization IT infrastructure and how to manage it.,3,2,4,3,3,3,3,3,4,2,4,2,2,3,3,3,2,3,4,3,1,4,3,2,2,3,CS - Computer Science,MM - Multimedia Systems,SE - Software Engineering,DB - Database and Intelligent System,HT - Health Information Technology,EB - Electronic Business Systems,MS - Management Information Systems,CN - Computer Networks,Introduction to Web Programming,Information Retrieval,Database Management System,Introduction to Multimedia Systems,Data Structures and Algorithms,Artificial Intelligence,Management Information Systems,Introduction to Software Engineering
SE - Software Engineering,4,2,1,3,2,1,3,1,3,2,2,3,Developing predictive models to forecast customer behavior,Developing data analytics and predictive models,"Managing the project timeline, requirements, and stakeholder communication",Business Analyst,Developing software components according the requirements,Learn about organization IT infrastructure and how to manage it.,3,2,3,4,3,3,3,3,4,2,1,3,3,1,4,2,2,4,2,3,2,1,4,3,4,1,DB - Database and Intelligent System,CN - Computer Networks,MS - Management Information Systems,MM - Multimedia Systems,SE - Software Engineering,CS - Computer Science,EB - Electronic Business Systems,HT - Health Information Technology,Data Structures and Algorithms,Introduction to Web Programming,Artificial Intelligence,Introduction to E-business Systems,Database Management System,Introduction to Software Engineering,Management Information Systems,Introduction to Multimedia Systems
DB - Database and Intelligent System,4,1,4,2,4,3,2,3,4,2,4,4,Developing predictive models to forecast customer behavior,Developing data analytics and predictive models,Analyzing complex datasets to uncover meaningful insights and patterns,Business Analyst,Developing data analytics and predictive models,Learn about organization IT infrastructure and how to manage it.,3,4,4,3,3,3,4,3,3,3,3,4,4,3,4,4,3,4,3,4,2,2,2,2,3,4,DB - Database and Intelligent System,SE - Software Engineering,CS - Computer Science,CN - Computer Networks,MM - Multimedia Systems,MS - Management Information Systems,EB - Electronic Business Systems,HT - Health Information Technology,Database Management System,Artificial Intelligence,Computer Data Communication,Introduction to Software Engineering,Introduction to Web Programming,Introduction to E-business Systems,Management Information Systems,Information Retrieval
SE - Software Engineering,4,1,4,4,2,3,2,3,4,3,3,3,Developing predictive models to forecast customer behavior,Ensuring compliance with healthcare information standards requirements,Evaluating the system architecture and identifying potential vulnerabilities,Game QA tester,Ensuring compliance with healthcare information standards requirements,"Learn about SCM, CRM, and decision support system and business intelligent (BI) systems.",3,3,3,4,2,3,2,4,2,3,2,4,2,3,4,3,4,4,3,4,3,2,2,3,4,4,SE - Software Engineering,CS - Computer Science,DB - Database and Intelligent System,CN - Computer Networks,MM - Multimedia Systems,MS - Management Information Systems,HT - Health Information Technology,EB - Electronic Business Systems,Database Management System,Introduction to Software Engineering,Introduction to Multimedia Systems,Artificial Intelligence,Introduction to Web Programming,Computer Data Communication,Management Information Systems,Data Structures and Algorithms
CS - Computer Science,4,2,4,1,2,3,2,2,4,3,1,2,Designing the database schema and infrastructure to store the data,Developing data analytics and predictive models,"Managing the project timeline, requirements, and stakeholder communication",3D animator/modeller,Ensuring compliance with healthcare information standards requirements,"Learn about SCM, CRM, and decision support system and business intelligent (BI) systems.",3,3,3,3,3,4,3,4,3,3,3,3,2,2,3,3,3,3,3,3,2,3,3,2,3,3,CS - Computer Science,SE - Software Engineering,CN - Computer Networks,MM - Multimedia Systems,DB - Database and Intelligent System,HT - Health Information Technology,EB - Electronic Business Systems,MS - Management Information Systems,Data Structures and Algorithms,Information Retrieval,Introduction to Software Engineering,Introduction to Web Programming,Artificial Intelligence,Database Management System,Introduction to Multimedia Systems,Introduction to E-business Systems
CS - Computer Science,4,4,3,2,1,2,1,1,3,1,1,2,Developing predictive models to forecast customer behavior,Ensuring compliance with healthcare information standards requirements,Coding the core software components and optimizing their performance,3D animator/modeller,Developing software components according the requirements,Learn about organization IT infrastructure and how to manage it.,2,2,2,2,3,3,3,3,1,1,1,2,1,1,1,2,2,2,3,3,1,2,1,1,1,4,CS - Computer Science,DB - Database and Intelligent System,SE - Software Engineering,CN - Computer Networks,MM - Multimedia Systems,EB - Electronic Business Systems,HT - Health Information Technology,MS - Management Information Systems,Artificial Intelligence,Introduction to Software Engineering,Introduction to Web Programming,Database Management System,Information Retrieval,Data Structures and Algorithms,Introduction to Multimedia Systems,Computer Data Communication
MS - Management Information Systems,4,4,4,4,4,4,4,4,4,4,4,4,Developing predictive models to forecast customer behavior,Developing data analytics and predictive models,Evaluating the system architecture and identifying potential vulnerabilities,Business Analyst,Ensuring compliance with healthcare information standards requirements,Learn about organization IT infrastructure and how to manage it.,4,4,4,4,4,4,4,4,4,4,4,4,4,4,4,4,4,4,4,4,4,4,4,4,4,4,MS - Management Information Systems,EB - Electronic Business Systems,DB - Database and Intelligent System,HT - Health Information Technology,CS - Computer Science,CN - Computer Networks,SE - Software Engineering,MM - Multimedia Systems,Management Information Systems,Introduction to E-business Systems,Information Retrieval,Introduction to Web Programming,Database Management System,Computer Data Communication,Artificial Intelligence,Data Structures and Algorithms
DB - Database and Intelligent System,4,4,4,4,4,4,1,1,4,1,1,4,Developing predictive models to forecast customer behavior,Developing data analytics and predictive models,Analyzing complex datasets to uncover meaningful insights and patterns,Business Analyst,Developing data analytics and predictive models,"Learn about SCM, CRM, and decision support system and business intelligent (BI) systems.",1,3,4,2,4,2,3,1,3,1,1,3,1,1,3,2,1,4,1,4,1,1,3,1,2,4,DB - Database and Intelligent System,SE - Software Engineering,CS - Computer Science,MS - Management Information Systems,MM - Multimedia Systems,EB - Electronic Business Systems,HT - Health Information Technology,CN - Computer Networks,Database Management System,Artificial Intelligence,Introduction to Software Engineering,Data Structures and Algorithms,Computer Data Communication,Introduction to Web Programming,Management Information Systems,Introduction to Multimedia Systems
CS - Computer Science,4,3,3,4,3,4,3,3,3,4,3,3,Developing predictive models to forecast customer behavior,Developing data analytics and predictive models,Evaluating the system architecture and identifying potential vulnerabilities,3D animator/modeller,Ensuring compliance with healthcare information standards requirements,"Learn about SCM, CRM, and decision support system and business intelligent (BI) systems.",4,2,3,3,4,3,3,4,2,2,3,4,2,2,4,3,4,4,3,3,3,3,3,3,3,2,CS - Computer Science,HT - Health Information Technology,SE - Software Engineering,DB - Database and Intelligent System,MM - Multimedia Systems,EB - Electronic Business Systems,MS - Management Information Systems,CN - Computer Networks,Database Management System,Introduction to Software Engineering,Management Information Systems,Artificial Intelligence,Introduction to E-business Systems,Computer Data Communication,Data Structures and Algorithms,Introduction to Web Programming
CS - Computer Science,4,4,3,2,1,3,1,4,4,4,1,3,Developing predictive models to forecast customer behavior,Developing data analytics and predictive models,Coding the core software components and optimizing their performance,3D animator/modeller,Developing data analytics and predictive models,Learn about organization IT infrastructure and how to manage it.,4,1,4,1,4,4,4,2,1,3,3,2,1,2,2,2,2,2,2,3,1,3,1,2,4,4,CS - Computer Science,DB - Database and Intelligent System,SE - Software Engineering,MM - Multimedia Systems,HT - Health Information Technology,MS - Management Information Systems,EB - Electronic Business Systems,CN - Computer Networks,Artificial Intelligence,Introduction to Web Programming,Database Management System,Data Structures and Algorithms,Introduction to Software Engineering,Introduction to Multimedia Systems,Information Retrieval,Management Information Systems
CS - Computer Science,4,3,3,3,2,4,2,3,4,2,4,3,Developing predictive models to forecast customer behavior,Developing data analytics and predictive models,Evaluating the system architecture and identifying potential vulnerabilities,Game QA tester,Developing software components according the requirements,Learn about organization IT infrastructure and how to manage it.,3,3,4,3,4,4,4,3,2,2,2,2,3,4,3,3,2,3,2,3,2,2,3,2,3,3,CS - Computer Science,SE - Software Engineering,DB - Database and Intelligent System,MM - Multimedia Systems,MS - Management Information Systems,HT - Health Information Technology,EB - Electronic Business Systems,CN - Computer Networks,Artificial Intelligence,Data Structures and Algorithms,Computer Data Communication,Introduction to Software Engineering,Management Information Systems,Introduction to Web Programming,Introduction to Multimedia Systems,Introduction to E-business Systems
SE - Software Engineering,4,2,3,3,3,3,2,4,4,4,2,3,Developing predictive models to forecast customer behavior,Ensuring compliance with healthcare information standards requirements,Analyzing complex datasets to uncover meaningful insights and patterns,3D animator/modeller,Ensuring that application is secured and safe from cyber threats,"Learn about SCM, CRM, and decision support system and business intelligent (BI) systems.",4,3,3,3,3,3,3,3,3,3,3,3,3,3,3,3,3,3,4,3,2,4,4,3,3,3,SE - Software Engineering,MM - Multimedia Systems,EB - Electronic Business Systems,DB - Database and Intelligent System,CS - Computer Science,HT - Health Information Technology,MS - Management Information Systems,CN - Computer Networks,Database Management System,Introduction to Web Programming,Introduction to Software Engineering,Introduction to Multimedia Systems,Information Retrieval,Data Structures and Algorithms,Artificial Intelligence,Computer Data Communication
SE - Software Engineering,4,1,3,3,1,4,4,4,4,3,1,2,Designing the database schema and infrastructure to store the data,Developing data analytics and predictive models,Evaluating the system architecture and identifying potential vulnerabilities,Game QA tester,Ensuring that application is secured and safe from cyber threats,Learn about organization IT infrastructure and how to manage it.,3,2,4,1,3,4,3,4,2,1,3,4,3,4,4,4,4,3,4,1,3,3,4,1,4,3,MS - Management Information Systems,SE - Software Engineering,MM - Multimedia Systems,CS - Computer Science,EB - Electronic Business Systems,HT - Health Information Technology,CN - Computer Networks,DB - Database and Intelligent System,Management Information Systems,Introduction to Multimedia Systems,Introduction to E-business Systems,Introduction to Software Engineering,Introduction to Web Programming,Database Management System,Data Structures and Algorithms,Artificial Intelligence
SE - Software Engineering,4,1,4,3,1,3,3,1,4,2,1,2,Developing predictive models to forecast customer behavior,Ensuring compliance with healthcare information standards requirements,Evaluating the system architecture and identifying potential vulnerabilities,Game QA tester,Developing software components according the requirements,Learn about organization IT infrastructure and how to manage it.,4,1,3,3,2,2,3,4,1,2,1,4,1,2,4,3,4,4,4,3,2,3,1,3,4,3,SE - Software Engineering,CS - Computer Science,DB - Database and Intelligent System,MM - Multimedia Systems,CN - Computer Networks,HT - Health Information Technology,EB - Electronic Business Systems,MS - Management Information Systems,Introduction to Web Programming,Database Management System,Introduction to Software Engineering,Computer Data Communication,Introduction to E-business Systems,Introduction to Multimedia Systems,Artificial Intelligence,Information Retrieval
DB - Database and Intelligent System,4,1,1,4,2,2,1,3,4,2,1,2,Designing the database schema and infrastructure to store the data,Ensuring compliance with healthcare information standards requirements,Analyzing complex datasets to uncover meaningful insights and patterns,3D animator/modeller,Ensuring that application is secured and safe from cyber threats,"Learn about SCM, CRM, and decision support system and business intelligent (BI) systems.",4,2,3,3,3,2,4,2,4,3,3,2,2,1,3,3,3,4,3,3,1,2,3,3,2,2,DB - Database and Intelligent System,EB - Electronic Business Systems,SE - Software Engineering,CS - Computer Science,MM - Multimedia Systems,MS - Management Information Systems,HT - Health Information Technology,CN - Computer Networks,Database Management System,Artificial Intelligence,Introduction to E-business Systems,Introduction to Web Programming,Introduction to Multimedia Systems,Management Information Systems,Data Structures and Algorithms,Introduction to Software Engineering
CS - Computer Science,4,1,4,1,1,3,1,3,4,2,1,2,Developing predictive models to forecast customer behavior,Developing data analytics and predictive models,Coding the core software components and optimizing their performance,3D animator/modeller,Developing data analytics and predictive models,"Learn about SCM, CRM, and decision support system and business intelligent (BI) systems.",2,2,2,4,4,4,4,1,1,1,1,1,1,4,2,4,1,3,4,4,1,1,1,4,1,4,CS - Computer Science,DB - Database and Intelligent System,SE - Software Engineering,MM - Multimedia Systems,HT - Health Information Technology,CN - Computer Networks,EB - Electronic Business Systems,MS - Management Information Systems,Introduction to Web Programming,Database Management System,Artificial Intelligence,Computer Data Communication,Information Retrieval,Introduction to Multimedia Systems,Introduction to Software Engineering,Data Structures and Algorithms
DB - Database and Intelligent System,4,1,2,4,4,1,3,1,4,1,1,2,Developing predictive models to forecast customer behavior,Developing data analytics and predictive models,Coding the core software components and optimizing their performance,Game network engineer,Ensuring compliance with healthcare information standards requirements,Learn about organization IT infrastructure and how to manage it.,2,4,4,4,4,4,4,4,4,4,4,4,4,4,3,3,3,3,4,4,4,4,4,4,4,4,DB - Database and Intelligent System,SE - Software Engineering,EB - Electronic Business Systems,MS - Management Information Systems,MM - Multimedia Systems,CS - Computer Science,CN - Computer Networks,HT - Health Information Technology,Introduction to Web Programming,Management Information Systems,Artificial Intelligence,Introduction to Software Engineering,Database Management System,Introduction to Multimedia Systems,Information Retrieval,Data Structures and Algorithms
CS - Computer Science,4,2,2,1,1,4,1,4,3,1,3,2,Developing predictive models to forecast customer behavior,Developing data analytics and predictive models,Coding the core software components and optimizing their performance,Game QA tester,Developing data analytics and predictive models,Learn about organization IT infrastructure and how to manage it.,4,3,4,2,4,4,4,3,2,1,4,1,1,3,2,4,4,3,4,4,1,4,2,2,2,3,CS - Computer Science,MM - Multimedia Systems,DB - Database and Intelligent System,SE - Software Engineering,EB - Electronic Business Systems,MS - Management Information Systems,HT - Health Information Technology,CN - Computer Networks,Information Retrieval,Data Structures and Algorithms,Artificial Intelligence,Introduction to Web Programming,Database Management System,Introduction to Multimedia Systems,Introduction to Software Engineering,Introduction to E-business Systems
CS - Computer Science,4,4,4,1,1,4,1,4,3,3,3,4,Developing predictive models to forecast customer behavior,Developing data analytics and predictive models,Coding the core software components and optimizing their performance,Game QA tester,Developing data analytics and predictive models,"Learn about SCM, CRM, and decision support system and business intelligent (BI) systems.",3,2,4,2,4,3,3,3,2,1,4,2,2,3,2,4,3,4,4,3,1,2,1,1,2,4,MM - Multimedia Systems,CS - Computer Science,SE - Software Engineering,DB - Database and Intelligent System,EB - Electronic Business Systems,MS - Management Information Systems,HT - Health Information Technology,CN - Computer Networks,Information Retrieval,Artificial Intelligence,Database Management System,Introduction to Web Programming,Introduction to Multimedia Systems,Data Structures and Algorithms,Management Information Systems,Introduction to Software Engineering
CS - Computer Science,4,2,3,2,2,3,1,2,2,2,2,3,Designing the database schema and infrastructure to store the data,Developing data analytics and predictive models,Coding the core software components and optimizing their performance,Game QA tester,Developing software components according the requirements,"Learn about SCM, CRM, and decision support system and business intelligent (BI) systems.",4,2,3,3,4,4,3,4,4,2,4,3,2,2,4,3,3,3,4,4,2,3,2,2,3,4,CS - Computer Science,SE - Software Engineering,MM - Multimedia Systems,MS - Management Information Systems,DB - Database and Intelligent System,HT - Health Information Technology,CN - Computer Networks,EB - Electronic Business Systems,Artificial Intelligence,Introduction to Web Programming,Database Management System,Introduction to E-business Systems,Management Information Systems,Information Retrieval,Introduction to Multimedia Systems,Data Structures and Algorithms
CS - Computer Science,4,3,4,2,3,3,2,3,3,3,3,3,Developing predictive models to forecast customer behavior,Ensuring compliance with healthcare information standards requirements,Coding the core software components and optimizing their performance,Game network engineer,Developing software components according the requirements,"Learn about SCM, CRM, and decision support system and business intelligent (BI) systems.",3,2,3,3,3,2,3,2,2,3,2,3,2,3,2,3,3,3,3,2,1,2,2,3,3,3,CS - Computer Science,HT - Health Information Technology,SE - Software Engineering,DB - Database and Intelligent System,MM - Multimedia Systems,MS - Management Information Systems,EB - Electronic Business Systems,CN - Computer Networks,Introduction to Web Programming,Introduction to Software Engineering,Introduction to Multimedia Systems,Database Management System,Management Information Systems,Data Structures and Algorithms,Computer Data Communication,Introduction to E-business Systems
DB - Database and Intelligent System,4,2,3,1,1,3,2,2,4,1,3,4,Developing predictive models to forecast customer behavior,Ensuring compliance with healthcare information standards requirements,Analyzing complex datasets to uncover meaningful insights and patterns,Game QA tester,Designing the database schema and infrastructure to store the data,"Learn about SCM, CRM, and decision support system and business intelligent (BI) systems.",3,3,3,3,4,4,4,3,2,3,1,2,2,3,3,4,4,4,4,4,2,1,1,2,3,3,DB - Database and Intelligent System,CN - Computer Networks,HT - Health Information Technology,MM - Multimedia Systems,EB - Electronic Business Systems,MS - Management Information Systems,CS - Computer Science,SE - Software Engineering,Database Management System,Data Structures and Algorithms,Information Retrieval,Computer Data Communication,Introduction to Multimedia Systems,Introduction to E-business Systems,Management Information Systems,Introduction to Software Engineering
SE - Software Engineering,4,2,3,2,1,3,1,1,4,1,1,2,Developing predictive models to forecast customer behavior,Developing data analytics and predictive models,Coding the core software components and optimizing their performance,Game QA tester,Developing software components according the requirements,"Learn about SCM, CRM, and decision support system and business intelligent (BI) systems.",1,2,3,3,2,3,2,4,2,1,1,4,2,1,4,4,2,3,4,3,3,1,3,1,3,2,SE - Software Engineering,CN - Computer Networks,DB - Database and Intelligent System,CS - Computer Science,MM - Multimedia Systems,HT - Health Information Technology,EB - Electronic Business Systems,MS - Management Information Systems,Introduction to Software Engineering,Introduction to Web Programming,Computer Data Communication,Database Management System,Data Structures and Algorithms,Information Retrieval,Artificial Intelligence,Management Information Systems
CS - Computer Science,4,4,4,2,4,4,1,1,3,1,1,1,Designing the database schema and infrastructure to store the data,Ensuring compliance with healthcare information standards requirements,Coding the core software components and optimizing their performance,Game QA tester,Ensuring compliance with healthcare information standards requirements,Learn about organization IT infrastructure and how to manage it.,1,1,1,1,4,4,4,4,2,1,1,1,1,1,4,4,4,4,3,3,1,1,3,2,2,4,CS - Computer Science,SE - Software Engineering,DB - Database and Intelligent System,MS - Management Information Systems,EB - Electronic Business Systems,HT - Health Information Technology,MM - Multimedia Systems,CN - Computer Networks,Introduction to Web Programming,Data Structures and Algorithms,Database Management System,Introduction to Software Engineering,Artificial Intelligence,Information Retrieval,Computer Data Communication,Introduction to E-business Systems
CS - Computer Science,4,4,4,1,1,4,4,4,4,4,4,3,Developing predictive models to forecast customer behavior,Developing data analytics and predictive models,Coding the core software components and optimizing their performance,Game QA tester,Developing software components according the requirements,Learn about organization IT infrastructure and how to manage it.,4,4,4,1,4,4,3,4,1,1,4,1,3,3,1,4,4,3,4,3,3,4,1,1,2,4,CS - Computer Science,SE - Software Engineering,DB - Database and Intelligent System,CN - Computer Networks,MM - Multimedia Systems,HT - Health Information Technology,EB - Electronic Business Systems,MS - Management Information Systems,Artificial Intelligence,Data Structures and Algorithms,Introduction to Web Programming,Information Retrieval,Computer Data Communication,Database Management System,Introduction to Software Engineering,Introduction to Multimedia Systems
DB - Database and Intelligent System,4,2,4,1,4,4,4,1,4,1,4,4,Designing the database schema and infrastructure to store the data,Developing data analytics and predictive models,Evaluating the system architecture and identifying potential vulnerabilities,Game QA tester,Ensuring that application is secured and safe from cyber threats,Learn about organization IT infrastructure and how to manage it.,1,4,4,2,4,4,4,3,2,1,1,2,3,3,3,4,4,4,3,4,4,2,3,2,3,3,CN - Computer Networks,DB - Database and Intelligent System,CS - Computer Science,SE - Software Engineering,HT - Health Information Technology,MM - Multimedia Systems,EB - Electronic Business Systems,MS - Management Information Systems,Computer Data Communication,Database Management System,Information Retrieval,Data Structures and Algorithms,Artificial Intelligence,Introduction to Web Programming,Introduction to Multimedia Systems,Introduction to Software Engineering
